Accession,Percent_Coverage
AP023349,32.18242844
GPSC31,82.32125048
GPSC40,82.00369605
GPSC15,88.50014403
GPSC32,85.33801931
GPSC4,81.60239067
GPSC21,82.06788278
GPSC34,85.12832982
GPSC8,82.74311776
GPSC22,84.2868983
GPSC37,82.07628558
GPSC26,81.37390032
GPSC3,81.43712041
NC_017592,98.9331164