Accession,Percent_Coverage
ERR144577,94.26547607
ERR212146,94.25506117
ERR181435,94.30777541
SRR998654,94.23748078
ERR161044,94.26067335
ERR234202,94.25072141
SRR1019139,94.2597308
SRR1163294,94.24443178
SRR1180462,94.23058658
SRR1172044,94.29519339
SRR671749,94.29532559
SRR1173640,94.26387551
H37Rv,94.29513375
NC_019950,89.43826699