H37Rv,K.pneumoniae,M.canetti,M.intracellulare,M.kansasii,M.leprae,M.bovis,PA01,S.odontolytica,H.influenzae,M.abscessus,M.fortuitum,OXC141,S.aureus
93.64311536219164,0.12555861540967705,87.48249829777191,2.988559533333506,3.6939795969607654,2.255239225982645,92.60376780728954,0.5210391922360053,0.38443199063779226,0.0,0.9090869621161469,1.1757594981761055,0.16270085381126995,0.0
