H.influenzae,H37Rv,K.pneumoniae,M.abscessus,M.canetti,M.fortuitum,M.intracellulare,OXC141,PA01
0.003879488869145387,94.29513375398841,0.03167923478560163,0.39467774135158623,89.43826698968014,0.5697250983129756,2.1540788708430068,0.005449545797541027,0.03133578230267396
